{
  "main": {
    "id": "bcb5eb79546076e3",
    "type": "split",
    "children": [
      {
        "id": "47f724a73cb230ca",
        "type": "tabs",
        "children": [
          {
            "id": "6e1d670bc922ce22",
            "type": "leaf",
            "state": {
              "type": "canvas",
              "state": {
                "file": "Canvas - Dataview Queries Wiki.canvas",
                "viewState": {
                  "x": -1427.1322875834053,
                  "y": 1111.8537031712754,
                  "zoom": -0.6666666666666667
                }
              },
              "icon": "lucide-layout-dashboard",
              "title": "Canvas - Dataview Queries Wiki"
            }
          }
        ]
      }
    ],
    "direction": "vertical"
  },
  "left": {
    "id": "193d0c0e2af3c123",
    "type": "split",
    "children": [
      {
        "id": "850eb4730b85009d",
        "type": "tabs",
        "children": [
          {
            "id": "6d4593c9070a16f7",
            "type": "leaf",
            "state": {
              "type": "file-explorer",
              "state": {
                "sortOrder": "alphabetical"
              },
              "icon": "lucide-folder-closed",
              "title": "Files"
            }
          },
          {
            "id": "d0208a0f81624b29",
            "type": "leaf",
            "state": {
              "type": "search",
              "state": {
                "query": "",
                "matchingCase": false,
                "explainSearch": false,
                "collapseAll": false,
                "extraContext": false,
                "sortOrder": "alphabetical"
              },
              "icon": "lucide-search",
              "title": "Search"
            }
          },
          {
            "id": "34700bac199ae7ab",
            "type": "leaf",
            "state": {
              "type": "bookmarks",
              "state": {},
              "icon": "lucide-bookmark",
              "title": "Bookmarks"
            }
          }
        ]
      }
    ],
    "direction": "horizontal",
    "width": 334.5
  },
  "right": {
    "id": "828e1150b0d94da6",
    "type": "split",
    "children": [
      {
        "id": "862205935feea08d",
        "type": "tabs",
        "children": [
          {
            "id": "4489df324aa62a24",
            "type": "leaf",
            "state": {
              "type": "backlink",
              "state": {
                "file": "Canvas - Dataview Queries Wiki.canvas",
                "collapseAll": false,
                "extraContext": false,
                "sortOrder": "alphabetical",
                "showSearch": false,
                "searchQuery": "",
                "backlinkCollapsed": false,
                "unlinkedCollapsed": true
              },
              "icon": "links-coming-in",
              "title": "Backlinks for Canvas - Dataview Queries Wiki"
            }
          },
          {
            "id": "22bb52f9f1d6ef61",
            "type": "leaf",
            "state": {
              "type": "outgoing-link",
              "state": {
                "file": "Canvas - Dataview Queries Wiki.canvas",
                "linksCollapsed": false,
                "unlinkedCollapsed": true
              },
              "icon": "links-going-out",
              "title": "Outgoing links from Canvas - Dataview Queries Wiki"
            }
          },
          {
            "id": "0f36fea72954ad0d",
            "type": "leaf",
            "state": {
              "type": "tag",
              "state": {
                "sortOrder": "frequency",
                "useHierarchy": true
              },
              "icon": "lucide-tags",
              "title": "Tags"
            }
          },
          {
            "id": "8112fb0f8e40c934",
            "type": "leaf",
            "state": {
              "type": "outline",
              "state": {
                "file": "Canvas - Dataview Queries Wiki.canvas"
              },
              "icon": "lucide-list",
              "title": "Outline of Canvas - Dataview Queries Wiki"
            }
          }
        ]
      }
    ],
    "direction": "horizontal",
    "width": 300,
    "collapsed": true
  },
  "left-ribbon": {
    "hiddenItems": {
      "switcher:Open quick switcher": false,
      "graph:Open graph view": false,
      "canvas:Create new canvas": false,
      "daily-notes:Open today's daily note": false,
      "templates:Insert template": false,
      "command-palette:Open command palette": false
    }
  },
  "active": "6e1d670bc922ce22",
  "lastOpenFiles": [
    "00 NoteLab/Dataview Tasks.md",
    "06 Toolkit/Images",
    "06 Toolkit",
    "00 NoteLab",
    "06 Toolkit/Images/database-management-icon.png",
    "Welcome.md",
    "00 NoteLab/Dataview Key Features.md",
    "00 NoteLab/Dataview - Built-in data.md",
    "00 NoteLab/Dataview - Basic Table Queries.md",
    "00 NoteLab/Dataview - Basic List Queries.md",
    "Canvas - Dataview Queries Wiki.canvas"
  ]
}